Workbook

Sheet WBS
A2: WBS Procurement | E2: Progres per 22 Oktober 2026
A3: Level 1: modul | Level 2: paket kerja | Status menyatakan penyelesaian paket secara keseluruhan.
A4: Paket | B4: =COUNTIF(B9:B42,2) -> 27 | C4: Terverifikasi | D4: =COUNTIFS(B9:B42,2,H9:H42,"Terverifikasi") -> 2 | E4: Dikerjakan | F4: =COUNTIFS(B9:B42,2,H9:H42,"Dikerjakan") -> 5 | G4: Ditunda | H4: =COUNTIFS(B9:B42,2,H9:H42,"Ditunda") -> 1
A5: Dikerjakan: baru sebagian selesai. Terverifikasi: seluruh kriteria telah diperiksa. Disetujui: baseline kebutuhan ditetapkan.
A6: Urutan implementasi mengikuti dependensi. Izin objek dan modul pengadaan masih perlu dibangun; AI/CV ditunda.
A8: ID WBS | B8: Level | C8: Modul / fitur | D8: Hasil dan kriteria selesai | E8: Pelaksana | F8: Prioritas | G8: Dependensi WBS | H8: Status
A9: 1 | B9: 1 | C9: Analisis dan rancangan
A10: 1.1 | B10: 2 | C10: BPMN swimlane | D10: Lima halaman BPMN dan draw.io selaras; peran, revisi, pesan vendor serta cabang batal/penutupan sisa dapat ditelusuri. | E10: Analis | F10: Wajib | G10: 1.3 | H10: Terverifikasi
A11: 1.2 | B11: 2 | C11: WBS modul dan fitur | D11: Tujuh modul dan 27 paket kerja; dependensi valid, kriteria selesai jelas, status terhubung ke lembar keterlacakan. | E11: Analis | F11: Wajib | G11: 1.1; 1.3 | H11: Terverifikasi
A12: 1.3 | B12: 2 | C12: PRD dan aturan proses | D12: Cakupan, peran, status, aturan bisnis dan kriteria penerimaan ditetapkan sebagai acuan pengembangan. | E12: Analis | F12: Wajib | G12: - | H12: Disetujui
A13: 1.4 | B13: 2 | C13: Arsitektur dan keamanan | D13: Arsitektur Django, sesi, izin server dan rahasia terdokumentasi. Fondasi autentikasi tersedia; penerapan pada modul pengadaan belum selesai. | E13: Engineer | F13: Wajib | G13: 1.3 | H13: Dikerjakan
A14: 1.5 | B14: 2 | C14: Schema dan migrasi | D14: Model data dan kontrak transaksi dirancang; migrasi akun tersedia. Migrasi request, penawaran, PO, penerimaan dan audit belum selesai. | E14: Engineer | F14: Wajib | G14: 1.3; 1.4 | H14: Dikerjakan
A15: 1.6 | B15: 2 | C15: Desain antarmuka | D15: Navigasi per peran, layout form/tabel, token visual, state dan perilaku layar kecil ditetapkan sebelum styling. | E15: Engineer | F15: Wajib | G15: 1.3; 1.4 | H15: Direncanakan
A16: 2 | B16: 1 | C16: Akses dan permintaan
A17: 2.1 | B17: 2 | C17: Autentikasi dan hak akses | D17: Login/logout dan akun nonaktif sudah diuji. Selesai setelah izin per peran, kepemilikan objek dan larangan self-approval teruji pada modul pengadaan. | E17: Engineer | F17: Wajib | G17: 1.4; 1.5 | H17: Dikerjakan
A18: 2.2 | B18: 2 | C18: Request dan rincian item | D18: Draft dan submit satu jenis barang/jasa; item, qty, estimasi dan tanggal valid; total dihitung server; revisi aktif disimpan sebagai snapshot. | E18: Engineer | F18: Wajib | G18: 2.1 | H18: Direncanakan
A19: 2.3 | B19: 2 | C19: Persetujuan, revisi dan penolakan | D19: Satu keputusan per revisi; alasan revisi/penolakan wajib. Self-approval, revisi usang dan keputusan berulang ditolak tanpa perubahan parsial. | E19: Engineer | F19: Wajib | G19: 2.2 | H19: Direncanakan
A20: 2.4 | B20: 2 | C20: Riwayat revisi request | D20: Snapshot submit tetap utuh. Submit ulang memakai revisi baru; penawaran dan persetujuan lama tidak dapat dipakai menerbitkan PO. | E20: Engineer | F20: Wajib | G20: 2.2; 2.3 | H20: Direncanakan
A21: 3 | B21: 1 | C21: Sourcing dan purchase order
A22: 3.1 | B22: 2 | C22: Master vendor | D22: Nama/kontak vendor valid; vendor dapat dinonaktifkan tanpa menghapus hubungan dan dokumen historis. | E22: Engineer | F22: Wajib | G22: 2.1 | H22: Direncanakan
A23: 3.2 | B23: 2 | C23: Pencatatan dan perbandingan penawaran | D23: Penawaran mencakup tepat seluruh item/qty revisi aktif, harga final, referensi, masa berlaku dan jadwal pemenuhan yang valid. | E23: Engineer | F23: Wajib | G23: 2.3; 3.1 | H23: Direncanakan
A24: 3.3 | B24: 2 | C24: Pemilihan vendor dan revisi plafon | D24: Vendor dipilih dengan alasan, termasuk sumber tunggal. Perubahan kebutuhan/plafon dikembalikan untuk revisi dan persetujuan ulang. | E24: Engineer | F24: Wajib | G24: 3.2; 2.4 | H24: Direncanakan
A25: 3.4 | B25: 2 | C25: Penerbitan purchase order | D25: Tepat satu PO per request; vendor aktif, penawaran berlaku dan total tidak melebihi plafon. Snapshot, versi dan deduplikasi diperiksa atomik. | E25: Engineer | F25: Wajib | G25: 3.3 | H25: Direncanakan
A26: 3.5 | B26: 2 | C26: Dokumen PO dan komunikasi manual | D26: PO dapat dibaca/dicetak dengan item, harga, vendor dan tujuan pemenuhan lengkap; penyampaian ke vendor dilakukan manual. | E26: Engineer | F26: Wajib | G26: 3.4 | H26: Direncanakan
A27: 4 | B27: 1 | C27: Penerimaan dan pengecualian
A28: 4.1 | B28: 2 | C28: Penerimaan barang bertahap | D28: Penerimaan bertahap mencatat accepted/rejected dan referensi; penolakan beralasan. Sisa = ordered dikurangi accepted kumulatif; status PO sesuai hasil. | E28: Engineer | F28: Wajib | G28: 3.4 | H28: Direncanakan
A29: 4.2 | B29: 2 | C29: Penerimaan jasa | D29: Periode awal <= akhir <= tanggal konfirmasi; referensi dan hasil jasa tercatat. Accepted/rejected dan status mengikuti aturan penerimaan. | E29: Engineer | F29: Wajib | G29: 3.4 | H29: Direncanakan
A30: 4.3 | B30: 2 | C30: Pembatalan dan penutupan sisa | D30: Pemohon membatalkan PR sendiri sebelum PO. Approver lain menutup PO terbuka: accepted nol menjadi CANCELLED, sebagian menjadi CLOSED_SHORT; alasan dan histori utuh. | E30: Engineer | F30: Wajib | G30: 2.2; 3.4; 4.1; 4.2 | H30: Direncanakan
A31: 4.4 | B31: 2 | C31: Konsistensi transaksi penerimaan | D31: Posting multi-item all-or-nothing; item harus milik PO. Versi usang, pengiriman ulang dan aksi bersamaan tidak menyebabkan kelebihan accepted atau status bertentangan. | E31: Engineer | F31: Wajib | G31: 4.1; 4.2; 4.3 | H31: Direncanakan
A32: 5 | B32: 1 | C32: Tracking dan pengalaman pengguna
A33: 5.1 | B33: 2 | C33: Tracking, filter dan audit | D33: Pencarian nomor/judul, filter jenis/tahap, sisa per item dan audit aktor/waktu/alasan tersedia sesuai izin; tahap operasional mengikuti PO. | E33: Engineer | F33: Wajib | G33: 2.1; 3.4; 4.1; 4.2 | H33: Direncanakan
A34: 5.2 | B34: 2 | C34: UI responsive dan aksesibilitas | D34: Navigasi dan form dapat dipakai lewat keyboard; focus dan kontras jelas; tabel/form tetap terbaca pada desktop dan layar kecil tanpa overflow halaman. | E34: Engineer | F34: Wajib | G34: 1.6; 2.1 | H34: Direncanakan
A35: 5.3 | B35: 2 | C35: State dan pesan kesalahan | D35: Empty/loading/error tampil sesuai kondisi; input aman dipertahankan; pesan tidak membocorkan detail internal; submit ganda ditangani server. | E35: Engineer | F35: Wajib | G35: 5.2 | H35: Direncanakan
A36: 6 | B36: 1 | C36: Pengujian dan pengumpulan
A37: 6.1 | B37: 2 | C37: Setup, data demo dan README | D37: Setup lokal, dependency dan README tersedia. Selesai setelah migrasi domain, data demo sintetis per peran dan langkah menjalankan terbukti dari instalasi bersih. | E37: Engineer | F37: Wajib | G37: 1.4; 1.5; 2.1 | H37: Dikerjakan
A38: 6.2 | B38: 2 | C38: Pengujian dan regresi | D38: 23 pengujian fondasi sudah lulus. Selesai setelah TC-01..TC-19 mencakup aturan domain, izin objek, angka, status, snapshot, duplikasi, race dan alur browser. | E38: Engineer | F38: Wajib | G38: 2.3; 3.5; 4.3; 4.4; 5.1; 5.3 | H38: Dikerjakan
A39: 6.3 | B39: 2 | C39: Verifikasi keamanan dasar | D39: Validasi server, CSRF, sesi, akses objek, rahasia dan error diperiksa pada alur lengkap; data demo sintetis dan pengaturan production diverifikasi. | E39: Engineer | F39: Wajib | G39: 6.1; 6.2 | H39: Direncanakan
A40: 6.4 | B40: 2 | C40: Paket penyerahan | D40: Satu BPMN PDF, satu WBS Excel dan URL repository siap ditinjau; akses repo, kelengkapan source code, petunjuk setup dan lampiran diperiksa. | E40: Engineer | F40: Wajib | G40: 1.1; 1.2; 6.1; 6.2; 6.3 | H40: Direncanakan
A41: 7 | B41: 1 | C41: Nilai tambahan
A42: 7.1 | B42: 2 | C42: Bantuan input AI / Computer Vision | D42: Opsional setelah alur wajib teruji. Hasil bantuan input menjadi draft yang ditinjau pengguna; input manual tetap berjalan saat layanan gagal. | E42: Engineer | F42: Opsional | G42: 6.2; 6.3 | H42: Ditunda

Sheet Tracking
A2: Keterlacakan kebutuhan dan pengujian
A3: ID paket menghubungkan WBS, kebutuhan, aktivitas BPMN dan skenario uji. Status mengikuti lembar WBS secara otomatis.
A4: FR: kebutuhan fitur | BP/GW: aktivitas dan keputusan | TC: skenario uji | EX/US/OPT: cakupan, penyerahan dan opsi tambahan.
A6: ID WBS | B6: ID kebutuhan | C6: Aktivitas / gateway BPMN | D6: Skenario uji / bukti | E6: Kategori kebutuhan | F6: Status
A7: 1.1 | B7: EX-02 | C7: BP-01..BP-15; GW-01..GW-06 | D7: Review lima halaman, cabang proses dan keselarasan PDF/draw.io | E7: Dokumen perencanaan | F7: =WBS!H10 -> Terverifikasi
A8: 1.2 | B8: EX-03 | C8: Seluruh BP/GW | D8: Review hierarki, dependensi, formula status dan keterlacakan | E8: Dokumen perencanaan | F8: =WBS!H11 -> Terverifikasi
A9: 1.3 | B9: EX-06; FR-01..FR-13 | C9: BP-00..BP-16 | D9: Review kebutuhan | E9: Kebutuhan produk | F9: =WBS!H12 -> Disetujui
A10: 1.4 | B10: EX-05; FR-01; FR-12 | C10: BP-00 | D10: TC-01; TC-02 | E10: Rancangan teknis | F10: =WBS!H13 -> Dikerjakan
A11: 1.5 | B11: EX-05; FR-02; FR-07; FR-08 | C11: BP-02; BP-08; BP-13 | D11: TC-04; TC-11; TC-13 | E11: Rancangan teknis | F11: =WBS!H14 -> Dikerjakan
A12: 1.6 | B12: FR-12 | C12: Seluruh BP internal | D12: TC-18 | E12: Kebutuhan produk | F12: =WBS!H15 -> Direncanakan
A13: 2.1 | B13: FR-01 | C13: BP-00 | D13: TC-01; TC-02 (izin objek belum lengkap) | E13: Kebutuhan produk | F13: =WBS!H17 -> Dikerjakan
A14: 2.2 | B14: FR-02 | C14: BP-01; BP-02 | D14: TC-03; TC-04 | E14: Kebutuhan produk | F14: =WBS!H18 -> Direncanakan
A15: 2.3 | B15: FR-03 | C15: BP-03; GW-01 | D15: TC-05; TC-06 | E15: Kebutuhan produk | F15: =WBS!H19 -> Direncanakan
A16: 2.4 | B16: FR-06 | C16: BP-02; BP-07 | D16: TC-10 | E16: Kebutuhan produk | F16: =WBS!H20 -> Direncanakan
A17: 3.1 | B17: FR-04 | C17: BP-04 | D17: TC-07 | E17: Kebutuhan produk | F17: =WBS!H22 -> Direncanakan
A18: 3.2 | B18: FR-05 | C18: BP-05; GW-02 | D18: TC-08 | E18: Kebutuhan produk | F18: =WBS!H23 -> Direncanakan
A19: 3.3 | B19: FR-06 | C19: BP-06; BP-07; GW-03 | D19: TC-09; TC-10 | E19: Kebutuhan produk | F19: =WBS!H24 -> Direncanakan
A20: 3.4 | B20: FR-07 | C20: BP-08; GW-03 | D20: TC-11 | E20: Kebutuhan produk | F20: =WBS!H25 -> Direncanakan
A21: 3.5 | B21: FR-07 | C21: BP-09 | D21: TC-11 | E21: Kebutuhan produk | F21: =WBS!H26 -> Direncanakan
A22: 4.1 | B22: FR-08 | C22: BP-10; BP-11; BP-13; GW-04; GW-05 | D22: TC-12; TC-13 | E22: Kebutuhan produk | F22: =WBS!H28 -> Direncanakan
A23: 4.2 | B23: FR-09 | C23: BP-10; BP-12; BP-13; GW-04; GW-05 | D23: TC-14 | E23: Kebutuhan produk | F23: =WBS!H29 -> Direncanakan
A24: 4.3 | B24: FR-10 | C24: BP-14; BP-15; GW-06 | D24: TC-15; TC-16 | E24: Kebutuhan produk | F24: =WBS!H30 -> Direncanakan
A25: 4.4 | B25: FR-08; FR-09; FR-10 | C25: BP-08; BP-13; BP-14; BP-15 | D25: TC-11; TC-13; TC-16 | E25: Kebutuhan produk | F25: =WBS!H31 -> Direncanakan
A26: 5.1 | B26: FR-11 | C26: BP-16 | D26: TC-17 | E26: Kebutuhan produk | F26: =WBS!H33 -> Direncanakan
A27: 5.2 | B27: FR-12 | C27: Seluruh BP internal | D27: TC-18 | E27: Kebutuhan produk | F27: =WBS!H34 -> Direncanakan
A28: 5.3 | B28: FR-12 | C28: Seluruh BP internal | D28: TC-18 | E28: Kebutuhan produk | F28: =WBS!H35 -> Direncanakan
A29: 6.1 | B29: EX-04; EX-05; FR-13 | C29: BP-00..BP-16 | D29: TC-19 | E29: Rancangan teknis | F29: =WBS!H37 -> Dikerjakan
A30: 6.2 | B30: FR-01..FR-13 | C30: BP-00..BP-16 | D30: TC-01..TC-19; 23 uji fondasi sudah lulus | E30: Kebutuhan produk | F30: =WBS!H38 -> Dikerjakan
A31: 6.3 | B31: FR-01; FR-12; FR-13 | C31: BP-00; BP-02; BP-13 | D31: TC-02; TC-19 | E31: Kebutuhan produk | F31: =WBS!H39 -> Direncanakan
A32: 6.4 | B32: EX-02; EX-03; EX-04; US-02 | C32: Seluruh proses | D32: Review lampiran, setup dan akses repository | E32: Kelengkapan penyerahan | F32: =WBS!H40 -> Direncanakan
A33: 7.1 | B33: OPT-01; EX-07 | C33: Sebelum BP-01 | D33: Uji integrasi bila dipilih | E33: Pengembangan opsional | F33: =WBS!H42 -> Ditunda
